<?xml version="1.0" encoding="UTF-8"?>
<!DOCTYPE hibernate-mapping PUBLIC 
	"-//Hibernate/Hibernate Mapping DTD 3.0//EN"
	"http://hibernate.sourceforge.net/hibernate-mapping-3.0.dtd">
 
	
<hibernate-mapping
	package="cn.fuego.misp.domain">
	<class name="OperLog" table="misp_oper_log">
			<id name="id" column="id" >
			<generator class="identity"/>
			</id>
            <property name="user" column="USER"  not-null="true" ></property>
        
            <property name="name" column="NAME"  not-null="true" length='100'></property>
            <property name="object" column="OBJECT"   ></property>
            <property name="result" column="RESULT"  ></property>
            <property name="desp" column="OPER_DESP"  ></property>
            <property name="operTime" column="OPER_TIME"  ></property>
	</class>
</hibernate-mapping>