<?xml version="1.0" encoding="UTF-8"?>
<!DOCTYPE hibernate-mapping PUBLIC 
	"-//Hibernate/Hibernate Mapping DTD 3.0//EN"
	"http://hibernate.sourceforge.net/hibernate-mapping-3.0.dtd">
 
	
<hibernate-mapping
	package="cn.fuego.misp.domain">
	<class name="Privilege" table="misp_privilege">
			<id name="id" column="ID"  type="int">
			<generator class="identity"/>
			</id>
           <property name="masterType" column="master_type"  not-null="true" length='20'></property>
           <property name="masterValue" column="master_value"  not-null="true" ></property>	
           <property name="accessObjType" column="access_obj_type"  not-null="true" length='20'></property>
           <property name="accessObjValue" column="access_obj_value"  not-null="true" length='50'></property>
           <property name="operation" column="operation"   length='20'></property> 
	</class>
</hibernate-mapping>