# Host: localhost  (Version: 5.6.21)
# Date: 2014-11-04 11:53:44
# Generator: MySQL-Front 5.3  (Build 4.123)

/*!40101 SET NAMES utf8 */;

#
# Structure for table "approval"
#

CREATE TABLE `approval` (
  `Ai_ID` int(11) NOT NULL,
  `As_Type` int(11) DEFAULT NULL,
  `As_Name` varchar(255) DEFAULT NULL,
  `Hs_ID` varchar(255) DEFAULT NULL,
  `Es_ID` varchar(255) DEFAULT NULL,
  `As_Status` varchar(255) DEFAULT NULL,
  `As_ApplyTime` varchar(255) DEFAULT NULL,
  `Ad_HandleTime` varchar(255) DEFAULT NULL,
  `Ad_Desp` varchar(255) DEFAULT NULL,
  `As_ApplyUser` varchar(255) DEFAULT NULL,
  `As_HandleUser` varchar(255) DEFAULT NULL,
  PRIMARY KEY (`Ai_ID`)
) ENGINE=InnoDB DEFAULT CHARSET=utf8;

#
# Data for table "approval"
#

INSERT INTO `approval` VALUES (0,1,'专家信息修改',NULL,'E001','已同意','2014-10-21 13:06:54',NULL,NULL,'E001',NULL),(1,1,'专家信息修改',NULL,'E002','已同意','2014-10-30 11:57:21','2014-10-30 11:59:02',NULL,'E002','admin'),(2,1,'专家信息修改',NULL,'E003','已同意','2014-10-30 11:57:54','2014-10-30 12:02:06',NULL,'E003','admin'),(3,1,'专家信息修改',NULL,'E004','已同意','2014-10-30 11:58:28','2014-10-30 12:02:10',NULL,'E004','admin'),(4,1,'专家信息修改',NULL,'E001','已同意','2014-10-21 13:06:54','2014-10-30 12:05:31',NULL,'E001','admin'),(5,1,'专家信息修改',NULL,'E001','已同意','2014-10-21 13:06:54','2014-10-30 12:05:45',NULL,'E001','admin'),(6,2,'医院信息修改','H002',NULL,'已同意','2014-10-30 13:57:34','2014-10-30 13:59:27',NULL,'H002','admin'),(7,2,'医院信息修改','H003',NULL,'已同意','2014-10-30 13:58:14','2014-10-30 13:59:31',NULL,'H003','admin'),(8,3,'医院添加专家','H002','E002','已同意','2014-10-30 15:08:19','2014-10-30 15:10:04',NULL,'H002','admin'),(9,3,'医院添加专家','H002','E003','已同意','2014-10-30 15:08:25','2014-10-30 15:10:08',NULL,'H002','admin'),(10,3,'医院添加专家','H003','E001','已同意','2014-10-30 15:09:38','2014-10-30 15:10:11',NULL,'H003','admin'),(11,3,'医院添加专家','H002','E001','已同意','2014-10-30 15:15:59','2014-10-30 15:16:17',NULL,'H002','admin'),(12,3,'医院添加专家','H002','E004','已同意','2014-10-31 17:25:32','2014-10-31 17:25:59',NULL,'H002','admin');

#
# Structure for table "expert"
#

CREATE TABLE `expert` (
  `Es_ID` varchar(64) NOT NULL,
  `Es_Name` varchar(64) DEFAULT NULL,
  `Es_Sex` varchar(4) DEFAULT NULL,
  `Es_Age` varchar(16) DEFAULT NULL,
  `Es_PhoneNO` varchar(16) DEFAULT NULL,
  `Es_TelephoneNO` varchar(32) DEFAULT NULL,
  `Es_Email` varchar(64) DEFAULT NULL,
  `Es_QQ` varchar(16) DEFAULT NULL,
  `Es_WeiXin` varchar(32) DEFAULT NULL,
  `Es_Resume` text,
  `Eb_ExPhoto` blob,
  `Es_JobTitle` varchar(32) DEFAULT NULL,
  `Es_WorkPlace` varchar(128) DEFAULT NULL,
  `Es_Province` varchar(32) DEFAULT NULL,
  `Es_City` varchar(32) DEFAULT NULL,
  `Es_County` varchar(32) DEFAULT NULL,
  `Es_Expertise` varchar(128) DEFAULT NULL,
  `Es_Remark` text,
  `Eb_SignName` blob,
  `Ei_Authority` smallint(16) DEFAULT NULL,
  `Ei_State` smallint(16) DEFAULT NULL,
  `Ei_OnlineState` smallint(16) DEFAULT NULL,
  `Ed_Login` datetime DEFAULT NULL,
  `Ed_Apply` datetime DEFAULT NULL,
  `Ed_Reg` datetime DEFAULT NULL,
  `Es_Auditor` varchar(64) DEFAULT NULL,
  `Ei_CTCount` smallint(16) DEFAULT NULL,
  `Ei_DRCount` smallint(16) DEFAULT NULL,
  `Ei_MRCount` smallint(16) DEFAULT NULL,
  `Es_Reserve1` varchar(64) DEFAULT NULL,
  `Es_Reserve2` varchar(128) DEFAULT NULL,
  `Eb_Reserve3` int(32) DEFAULT NULL,
  `Ei_Reserve4` smallint(16) DEFAULT NULL,
  `Es_ExPhoto` longblob,
  `Hs_State` varchar(255) DEFAULT NULL,
  `Es_OnlineState` varchar(255) DEFAULT NULL,
  `Ei_ULCount` int(11) DEFAULT NULL,
  `Ei_OtherCount` int(11) DEFAULT NULL,
  `Es_Reserve3` varchar(255) DEFAULT NULL,
  `Ei_Reserve5` int(11) DEFAULT NULL,
  PRIMARY KEY (`Es_ID`)
) ENGINE=InnoDB DEFAULT CHARSET=utf8;

#
# Data for table "expert"
#

INSERT INTO `expert` VALUES ('E001','ss','M','','','','tangjun@qq.com','','','',NULL,'职称a','','四川','泸州市','龙马潭区','','',NULL,NULL,NULL,NULL,NULL,NULL,NULL,NULL,NULL,NULL,NULL,NULL,NULL,NULL,0,NULL,'已注册',NULL,NULL,NULL,NULL,0),('E002','AAA','W','27','18620783584','0575-22332233','ss@123.com','10132258','aa','杨秉辉 男，1938年8月生。1962年毕业于原上海医科大学医学系，现为复旦大学医学院（原上海医科大学）肝癌研究所教授、博士生导师，曾任复旦大学医学院（原上海医科大学）附属中山医院院长及复旦大学医学院（原上海医科大学）中山临床医学院院长，兼任中华医学会全科学会副主任委员和呵呵呵呵呵呵呵呵呵呵呵呵呵呵呵呵呵呵和呵呵呵呵呵呵呵呵呵好杨秉辉 男，1938年8月生。1962年毕业于原上海医科大学医学系，现为复旦大学医学院（原上海医科大学）肝癌研究所教授、博士生导师，曾任复旦大学医学院（原上海医科大学）附属中山医院院长及复旦大学医学院（原上海医科大学）中山临床医学院院长，兼任中华医学会全科学会副主任委员和呵呵呵呵呵呵呵呵呵呵呵呵呵呵呵呵呵呵和呵呵呵呵呵呵呵呵呵好杨秉辉 男，1938年8月生。1962年毕业于原上海医科大学医学系，现为复旦大学医学院（原上海医科大学）肝癌研究所教授、博士生导师，曾任复旦大学医学院（原上海医科大学）附属中山医院院长及复旦大学医学院（原上海医科大学）中山临床医学院院长，兼任中华医学会全科学会副主任委员和呵呵呵呵呵呵呵呵呵呵呵呵呵呵呵呵呵呵和呵呵呵呵呵呵呵呵呵好杨秉辉 男，1938年8月生。1962年毕业于原上海医科大学医学系，现为复旦大学医学院（原上海医科大学）肝癌研究所教授、博士生导师，曾任复旦大学医学院（原上海医科大学）附属中山医院院长及复旦大学医学院（原上海医科大学）中山临床医学院院长，兼任中华医学会全科学会副主任委员和呵呵呵呵呵呵呵呵呵呵呵呵呵呵呵呵呵呵和呵呵呵呵呵呵呵呵呵好杨秉辉 男，1938年8月生。1962年毕业于原上海医科大学医学系，现为复旦大学医学院（原上海医科大学）肝癌研究所教授、博士生导师，曾任复旦大学医学院（原上海医科大学）附属中山医院院长及复旦大学医学院（原上海医科大学）中山临床医学院院长，兼任中华医学会全科学会副主任委员和呵呵呵呵',X'','职称a','人民医院','内蒙古','呼和浩特市','市辖区','手术','杨秉辉 男，1938年8月生。1962年毕业于原上海医科大学医学系，现为复旦大学医学院（原上海医科大学）肝癌研究所教授、博士生导师，曾任复旦大学医学院（原上海医科大学）附属中山医院院长及复旦大学医学院（原上海医科大学）中山临床医学院院长，兼任中华医学会全科学会副主任委员、中华医学会肝病学会科学委员、上海医学会科普学会主任委员及上海医学会肿瘤学会副主任委员等职。主要研究肝癌的早期发现，早期诊断及肝癌的内科治疗等。1985年曾因 “ 小肝癌的诊断和治疗 ” 获国家科学技术进步一等奖。主编《原发性肝癌的研究和进展》、《内科治疗矛盾》等专著、并担任《实用内科学》第十版副主编、第十二版编委，参与编写专著近20部，发表学术论文百余篇。\r\n杨秉辉 男，1938年8月生。1962年毕业于原上海医科大学医学系，现为复旦大学医学院（原上海医科大学）肝癌研究所教授、博士生导师，曾任复旦大学医学院（原上海医科大学）附属中山医院院长及复旦大学医学院（原上海医科大学）中山临床医学院院长，兼任中华医学会全科学会副主任委员和呵呵呵呵呵呵呵呵呵呵呵呵呵呵呵呵呵呵和呵呵呵呵呵呵呵呵呵好\r\n杨秉辉 男，1938年8月生。1962年毕业于原上海医科大学医学系，现为复旦大学医学院（原上海医科大学）肝癌研究所教授、博士生导师，曾任复旦大学医学院（原上海医科大学）附属中山医院院长及复旦大学医学院（原上海医科大学）中山临床医学院院长，兼任中华医学会全科学会副主任委员和呵呵呵呵呵呵呵呵呵呵呵呵呵呵呵呵呵呵和呵呵呵呵呵呵呵呵呵好\r\n杨秉辉 男，1938年8月生。1962年毕业于原上海医科大学医学系，现为复旦大学医学院（原上海医科大学）肝癌研究所教授、博士生导师，曾任复旦大学医学院（原上海医科大学）附属中山医院院长及复旦大学医学院（原上海医科大学）中山临床医学院院长，兼任中华医学会全科学会副主任委员和呵呵呵呵呵呵呵呵呵呵呵呵呵',X'FFD8FFE000104A46494600010100000100010000FFDB004300080606070605080707070909080A0C140D0C0B0B0C1912130F141D1A1F1E1D1A1C1C20242E2720222C231C1C2837292C30313434341F27393D38323C2E333432FFDB0043010909090C0B0C180D0D1832211C213232323232323232323232323232323232323232323232323232323232323232323232323232323232323232323232323232FFC0001108012C017003012200021101031101FFC4001F0000010501010101010100000000000000000102030405060708090A0BFFC400B5100002010303020403050504040000017D01020300041105122131410613516107227114328191A1082342B1C11552D1F02433627282090A161718191A25262728292A3435363738393A434445464748494A535455565758595A636465666768696A737475767778797A838485868788898A92939495969798999AA2A3A4A5A6A7A8A9AAB2B3B4B5B6B7B8B9BAC2C3C4C5C6C7C8C9CAD2D3D4D5D6D7D8D9DAE1E2E3E4E5E6E7E8E9EAF1F2F3F4F5F6F7F8F9FAFFC4001F0100030101010101010101010000000000000102030405060708090A0BFFC400B51100020102040403040705040400010277000102031104052131061241510761711322328108144291A1B1C109233352F0156272D10A162434E125F11718191A262728292A35363738393A434445464748494A535455565758595A636465666768696A737475767778797A82838485868788898A92939495969798999AA2A3A4A5A6A7A8A9AAB2B3B4B5B6B7B8B9BAC2C3C4C5C6C7C8C9CAD2D3D4D5D6D7D8D9DAE2E3E4E5E6E7E8E9EAF2F3F4F5F6F7F8F9FAFFDA000C03010002110311003F00F7FA28A280109C0CD2D1450014514500145145001451450014514500145145001451450014514500145145001451450014514500145145001451450014514500145145001451450014514500145145001451450014514500145145001451450014514500145145001451450014514500145145001451450014514500145159DAEE9926B1A35CD8C37F736134A988EE6D9CABC4DD4118EA33D4771C50068D15C0F857C59A959EBA7C1DE2F30AEB289BECEF23E23D422E7E61E8E30723EBE95DF500145145001451450014514500145145001451450014514500145145001451450014514500145145001451450014514500145145001451450014514500145145001451450014514500145145001451450014514500141A2933823DE80302F3C2F1EA7E27B2D6751B8332E9F96B1B558C2AC4E460BB1EACD8C63A01E99E6BA0A28A0028A28A0028A28A0029370F5ED9A5A42B91400B9A29BB7AD2E280168A28A0028A28A0028A28A0028A28A0028A28A0028A28A002A39A558209267CED452C703270066A4AA7AAABBE917AA88EEE60902A20F998ED3C0F7A00E63C05E3C3E318EE92E34B9F4FB9842CC89203896DE4CF95203EE01E3DABB3AE13C3503693E28D2F4995409D3C3502CBD3398DC2F3FF007D1AEEE800A28A2800A28A2800A28A2800A28A2800A28A2800A28A2800A28A2800A28A2800A28A2800A303D28A2800A2B2B5DF11E97E1CB549F52B911F98DB218954BC9337F751072C7E82B97B9F19F892DE5B0BD9FC370D9695757B0DA2C777758BC732B050C235055719CED2D9C03401DED145140051451400514514005145140051451400514514005145140051451400514514005145140051451401C5CF281F1A2CA2C7274098E71D7F7E9FE15DA57097381F1D6C73DFC3D28181FF004DD6BBBA0028A28A0028A28A0028A28A0028A28A0028A28A0028A28A0028A28A006B122986423AD4846690A29EB400CDEC106719FEB4ECEE561CFBD308E0E33F4ACCD77C4BA5F86AD05C6AB7490A3B6D8D0659E57ECA8839627D05006C715C6EA1E30B8D56F24D23C1B145A85EA36CB8BF7E6D2CBD7730FBEFE88BF8E2A98B2D7FC7A036AAB71A17879F91608FB6EEED7FE9AB8FF56A7FB8BF375C9AED34FD3AD34AB386CB4FB68ADAD625DA9144A155450062E81E0CB2D1AEDB54BA9A6D4F5B95712EA3778327BAA0E91AFF00B2BFAD53B98DBC49E3FB68C64E99E1FCCD2647125E3AE1073D76212DF5715AFE26D6CE87A5AC90C3F68BFB8916DACADF38F3667E141F451CB31ECAA4D4BE1DD18687A3C568D31B8B862D2DCDC30E66998E5DCFD49E076181DA803568A28A0028A28A0028A28A0028A29280173499A439C818E3D68C8EFC71DE801D4534107A608A750014514500145145001451450014514500145145007057448F8ED6191C1F0FCA060FFD375AEF6B82D446DF8DFA2B776D16E14E7DA453C577B40051451400514514005145140053259638227965758E3452CCEC70140EA49EC29F5C45C5B7FC26FE28BEB1BCCB787748748A4B70DF2DE5D60390F8EA880AFCBD0B1E738A00DED275B8BC441EE2C125FECD520477641517041E7603C941C7CDD0F6C8E6B6691555142AA85503000180052D001451450014514500151CD3C56D0BCD3CA9144832CEEC15547A927A572DA978E6DFED92699E1EB5935DD557878AD5808603EB2CC7E541EDC9F6AA43C237DAFCA93F8CEFA3BF4560E9A55A82967191D3767E6988F56E3DA80097C6577AFCF259782ACD6F995B64BAA4F95B380F39C1EB2B0F45E3DEB4741F055AE9B7DFDAFA9DCCBABEBAE30F7F720653FD98907CB1AFB0E7D4D74B6F0456D6F1C304691C48A1552350AAA3D001C0A9280136F39C9FA51EF4B9C571DF11752BB8745B7D1B4D95A2D4F5BB85B0B7910F31AB73249EDB501E4742450045E1A6FF0084B3C4573E2A9431B1B5692CB4853F74A8389671EEEC0A83FDD5F735DB555D374FB6D2B4CB5D3ECE311DB5B44B144A3B2A8C0AB5400514514005145140051451400514514009D68C1CD2D1400DDA3AE39A5C7BD2D1400628A28A0028A28A0028A28A002A39E786D60927B8952286352EF248C1555475249E829D2489146D248EA88A0B3331C0007524D7256F01F1B4E9A85E46C3C3D1B07B3B5718FB610789A41DE3E8514F5FBC47DD000357C3FE2BD1BC502E8E937466FB2B8590346C8464655806032A4743D0D6D579FF0086AE6DD3E2978EA49668E2F9AC6101D80DC4424F19FAD7A0500705A91CFC6FD1178E346B9233FF005D17A577B5C0EB185F8D7E1B39E5B4CBB1FAA9AEFA800A28A2800A28A2800A28A2800AE3FE1FB810F886DD88F3A1D76F0499EA773EF527FE02CB8F6AEC2B87D76D354F0BF88AE3C53A2D8BEA369791A26A9A7C38F358A0C2CF17F7982FCA57B802803B8A2B878FE2EF820C64CFAD2DACABC3C1730491C887D0A95EB487E2D78566631E992DFEAD3019F2F4FB096527F1DA07EB401DCD4734F15BC2F34F2A45120DCEEEC15547A927A5710DAFF8E75D0ABA2F86A2D1E063FF001F7ADCA3781DF10C649CFD4D490FC3B4D46459FC5BACDEF88240777D9E5221B453EA214E0FFC089A007CFF0010E0BF9A4B4F09E9B73E20B943B4CB6F84B58CFF00B53B7CBEFF002EEA8FFE110D6BC4BF3F8C757CDA9391A4E96CD1418F4924E1E4FA703DABB3B7B682D2DD2DEDA18E18631B5238D42AA8F400702A5A00A563A6D8E91651D969D690DADB463E58A140AA3F01DFDEA4CE1BE9533F7A849C1C9FC6801F1B15403F4A789376318C1EF5129395E9CF26A45E4718E9D7D6801FC9E98AE0EF76DFFC6ED2EDE401934CD166BA4E3EEC92C823CFFDF20D7763DFF3AE175863A5FC60D02F64F961D4F4E9F4EDFD0091584AA3EA79C7AD00777907BD1807F3CD35318C0FD69D918C8A005A293B839EDD296800A2B9BF15F8AD3C3C905A5A5A3EA1AC5E06FB258C6705F68C9763FC283B9FCAACF84B5C93C45E12D33599A24864BB816574424AA93E99A00D4BDBDB5D3ACE5BCBDB88ADEDA25DD24B2B85551EA49AE397E2C785E4BA8A38A5BD92D64916217CB6527D98313800C8463A9C67A551B3B61F127C44FAA5E0F33C2BA6CC63D3EDCF297D329C34CC3F8901E14743827D73A7E3F823D42CF46F0EC642B6A3A8C0BB14748A26F35C8FA04FD450076745028A004A42428249E072735CDEB5E2E5B4BD7D2746B29758D68005ADA060A9003D1A690F118F6FBC7B0ACC8FC117FAF9FB478D7557BF0C770D2ECCB43671FB103E6971EAC7F0A00B37DF1274182F5AC74DFB5EB97CBC3DBE9101B829FEF30F9579E39354BC3DE38D775DF185C68D27854D8DBD9AAB5DCF35F23B45B94941B5411B8F1F2E781D6BA5B8FECAF08F87AEEEA0B386D2C6CA0799E2B68820C2AE7803BF158FF0E74F92DFC291EA978A3FB4B5973A8DD36307749CAAF3D954AA8FA50075F9E714668A5A002B96F1FEB9ABF873C2D73AC6951D9BFD8F12CCB73BBE74DC0155C74241EA7F235D147770CD752DBC4E1E4871E681FC048C807DF1CE3D2B93F8B1E67FC2AFD78451191DA00814216272EA3A0FAE6802F6B1E2E8EC61B3B7D3ED1F50D62FA212DAD846D8254FF1BB744419E58FD064D7136DE3CD57C25E3E7D2FC77AD69FF66BDB15BA8FECF1308ED1F79511838CB0233F337A0E95D9F823409B4AD161BCD4D8CDAD5E4111BC99940236AE16300701507181DF27A9AB163E0FD36D75BD63579F75EDD6A98590DD0570910181128C709EDDFBD0062C1349F116E7CC50C9E1285C8018153A9B83FF00A201EDFC6473C707B5DCA92470A050369E01C600C76A7C71A4312C5122A46802AAA8C0503A002B9AF12EB8BA2DB6B9A837FCC3F4CF357FDE62F81F9AAD00789BE8FA7EABF0EFC59E3AD6AC16FF005AB9BF920B62CEC123CB2C6A5141EC49C673F740AFA03C39612E95E19D2F4F9E46926B6B48A2776392595403CFD6BC3BC236F796F7DE1AF00DF167596EA2D7647C60795E4F99E59FA4A0FE42BE84A00F3FF10B98BE337830E3025B4BE8F38EB850715E815E6DE329E25F8B7E02F2E5569D24BA8E48C1E555A218CFA57A48E82800A28A2800A28A2800A2909C11C7534B4005145140113DBC2EE1DE28D9C7462A09FCEA4550A0050001D852D14005145140051451400D64CF7A61873FC5FA54B45004490ED62770E7DA9FB71D0D3A8A006E0E2B9EF1B787DBC45E199ADE0629A85B91756328EB1DC27287F13C1F626BA3A280303C1FE224F147862C75609E5C93A6268BFE794AB9575FC181FD2B7EB84D187FC23BF13355D2228F6D86B30FF6A4001F95665212603EB957FC6BBBCD001591E20F12E9BE1AB449EFE57324ADB20B7850C934EFD951072C7F41DF158DAA78CA5BBBD9B45F095BC7AA6AC8764D3313F65B23EB2B8EA7FD85C9383D2AE7877C2316917326A9A85CB6A7AECE3136A12AE085CFDC8D7911A0F41D7BE68030ECACEFAC34AF13F8CB5E812DF51BAB591A3B72DBCDA5B471929113D324E59B1DCFB554966B9D3FE10787742B37116A9ABDA5B69D011FF2CDA48C798FC73854DEDC7A0ADEF89F3FD9FE19F881B206EB368867FDBC2FFECD55B4FB45BFF1F4710506D3C35A7A5BC591C7DA2651B8FD562551FF006D0D00753A4E996FA369167A6DA2EDB7B585618C77DAA3033EF5CEDACB16A9F14750F333BF45B08A2855BFBD704B3B8FC2345FCEBAFAE33C55A66A9A6EB76FE2DD02D8DDDD430FD9AFEC14E0DDDBE7236E78DE87247AE48A00ECEB93BCD4352F135D49A6E83335A69C994BAD5D57249E863B7CF05BD64E557A0C9E91DAEAF1F8FA154D35E78B44DAAD7571CA3CE48C98148395C7473D47DD1CE48EB20822B682382089228A350891A2855551C0000E82802968BA269FA069CB65A6DB2C3102598E72D231EACEC79663DC9E6B40E08E7A52D210483401C37C5595E6F0A43A2439F3F5BBE834F4C750ACFB9CFD02A9FCEBB58E348E34441B5106D5038C015C56B56775A8FC59F0DA3DBCED61A759DCDE19361F2FCD6C46A09E9B8039C7BD771B7B1E450072FE22F058D6DDAEEDF5AD56C351460F6D3C372DB213C71E56769071C82327D6B1B4FD43E245C06D12F34BB3B6B98E42AFAF6E5685A2ECE90839321F438518E7D2BD0B1401ED8A00A7A4E97068FA6C5650348EA992D24ADB9E46272CEC7BB13927EB5768C51400514514005794FC4143A9EBD078615896D72FAD629D14E0FD962532487E9922BD58F4AF3CF0EF82F518BE276BBE28D59DBC8F31A3D3222E1B0AE177BF1D3A0503EBED401178B1E1F0C7C48D0BC4D71673BE9ED632E9D23DB4064685B3BD095504E31B8702AFC7E20F10F8B58C3A069D71A3E9C490FAAEA50ED908FF00A6309E49FF0069F007A1AECAE50B22BAFDE8D838E71EC7F426A7A00F2BF17E8F69E1FD7FC01F66572ABAC959679642D24B248BCB3B1E59891D7F0E9C57AA0E95E6FF0017902DBF852E73830F886D4FE7BABD1E80168A28A0028A28A004EE29693F8BF0A5A0028A28A0028A28A0028A28A0028A28A0028A28A0028A28A0028A2B27C49AF5B786BC3D7DACDDAB3C1691EF654E598E7000FA9207E3401CB7C48B98B44BEF0BF89A46F2E2D3F5310DC4BD960990A393DC8CEDE3DA9CD36B5E3F3B6D1EE747F0BB0E6E40D9757EBFEC03CC519FEF11B88E9806B90F1FE8DAFEAFE03D5BC45E27992096D9629F4FD32DA5261B61BD725CFF00CB490A9233D064E3AD7B3C2C1E2561DC034015B49D234FD0F4E8B4FD32D23B5B48461228D7007BFB9F5279357A8A280385F8B587F052DBB1C2DC6A167137D0CCA7FA56DF84A356D224BF11B249A8DCCB78DB86090CC4267FE00107E15CA7C6C8DEE3C25A5DA44E524B9D62DA2523AE4EEC57A341125BDBC70C6A1523508AAA300003000A0092B9EF1BEBEDE1AF095F6A51A6F9D42C500EDE63B04424F600904FD2BA1A86EED2DAFED65B5BB8239EDE552B2452A86571E841EB401C17C3A4862D7FC4B0E913BDC680B243E54D9CC6F75B489CA1EF92109238C938AF43A8ADAD6DECADA3B6B58228208C6D48A240AAA3D001C0A96800A39A28A0028A28A0028A4A33EFF4A005A28A2800A28A2800A28A280108C820F4350594B7135B06BA8160983329459038C0240391EA3071DB38AB1559488AF9D0B1FDF2EF50718C8C038EFE9401C17C67664F09E9B228C94D62D5BF535E8C2BCE3E38237FC2B79AE00C8B6BBB795BD807038FCEBD122712428EBD19411F95003E8A28A0028A28A0028A28A0028A28A0028A28A0028A28A0028A28A0028A28A0028A28A002B3F59D360D6349B9D3EE6149ADE78D9248D8901811D323A738AD0A08C8C1A00F0DBBF10DCEA7F0375ED2EEEDDE3D534F9974B96DE6605D732A08F3EBF29C67B9535EDD6F1F936F1C7FDD502B8AF167C3AB7F116BF61AAC378F6856587FB422504A5E451B6F5561FDE07A1F43F4AEE45001451450079FFC50DB24FE0CB7271BFC496A7819E0063D3F2AF40AE07E2260EBFE061B803FDBA876F73F237F9FC6BBE1D2800A28A2800A28A2800A28A2800A28A2800A4A5A2800A3A51450014514500145145001593AF4A6CED22D4474B395649303398CFCAFF92927F0AD6A8EE208EE6DA58251BA3950A38F50460D00709F1A72DF09B5AC2B37111F97B7EF539FA5763A3B6ED16C1B39CDBC673EBF28AF36F165FCD7FF0002F5EB7BA264BDD3C1B1B93DCBC52A8DDF8AED6FF8157A17868E7C2DA4E086FF0042879EC7E45A00D5A28A2800A28A2800A28A2800A28A2800A28A2800A28A2800A28A2800A28A2800A28A2800A28A2800A4E052D140080F34B451401E77F12B747AEF81E7FE11AF429F8B0615E883A579CFC5555173E0D76DF81E23B4CE0FFBD8AF46A0028A28A0028A28A0028A28A0028A28A0028A283C50014519A2800A28A2800A28A2800A28A2803C9BC7D6E2C67F185932B0B6D6F456BD8CED3B44F6EA438E3A128233CF5DB5DC7811E597C01E1F9271891B4E8091FF00001FD2B9BF8D2441F0FAEEEF6CC5A30D16E8BAA8914A73FECF2335B9F0DE6337C37F0EB9183F608971F45C7F4A00EA68A28A0028A28A0028A28A0028A28A0028A28A0028A28A0028A28A0028A28A0028A28A0028A28A0028A28A0028A28A00F30F8BB859BC2EE146E5D72CC96F5019F8FD7F5AF4F15E5FF1825457F0D42CA85A5D520645DD8662B22E401D4F0DDABD3C74A005A28A2800A28A2800A28A423DE80168A4C1E79A4DA7FBC7AD003A9A4F07DA971CF5A00C74A0033C5028C7E746280169338A5A2800A28A2800A28A28028EB3A4DB6BBA35E695781FECD77134526C386008EA0FAD1A3E956DA1E8F67A5D9EF16D690AC31EF396C018C93DCD5EA2800A28A2800A28A2800A28A2800A28A2800A28A2800A28A2800A28A2800A28A2800A28A2800A28A2800A28A2800A28A4A00F26F8E4CD6F1784EF411883588C9FAF047FE835EB42BCAFE3D2E3C19A6498CF97AB40719C1FBAFDFB57A98EF400B451450014514500145145001451450014514500145145001451450014514500145145001451450014514500145145001451450014514500145145001451450014514500145145001451450014514500145145001498C52D1401E63F1E115BE1E23370135081B38E9C91FD6BD2D00DAA41E36F15E6FF001D491F0DE438C8FB6419FF00BEABD22139850E00F94702801F45145001451450014514500145145001451450014514500145145001451450014514500145145001451450014514500145145001451450014514500145145001451450014514500145145001451450014514500145145007997C76DC3E1C9653802FA02C7B6371EBF8E2BD2E3398D4E41C81C8AE03E365BB5C7C28D5F6A162861718ED89579AED74A667D2AD0B860C614CEEEB9DA3AD005CA28A2800A28A2800A28A2800A28A2800A28A2800A28A2800A28A2800A28A2800A28A2800A28A2800A28A2800A28A2800A28A2800A28A2800A28A2800A28A2800A28A2800A28A2800A28A2800A28A2800A28A28013BD147BE39A5A004650C30697A5145001451450014514500145145001451450014514500145145001451450014514500145145001451450014514500145145001451450014514500145145001451450014514500145145001451450014514500145145001451450014514500145145001451450014514500145145001451450014514500145145001451450014514500145145001451450014514500145145001451450014514500145145001451450014514500145145001451450014514500145145001451450014514500145145001451450014514500145145001451450014514500145145001451450014514500145145001451450014514500145145001451450014514500145145001451450014514500145145001451450014514500145145001451450014514500145145001451450014514500145145001451450014514500145145001451450014514500145145007FFFD9',NULL,NULL,NULL,NULL,NULL,NULL,NULL,NULL,NULL,NULL,NULL,NULL,NULL,0,X'FFD8FFE000104A46494600010100000100010000FFDB0043000A07070807060A0808080B0A0A0B0E18100E0D0D0E1D15161118231F2524221F2221262B372F26293429212230413134393B3E3E3E252E4449433C48373D3E3BFFDB0043010A0B0B0E0D0E1C10101C3B2822283B3B3B3B3B3B3B3B3B3B3B3B3B3B3B3B3B3B3B3B3B3B3B3B3B3B3B3B3B3B3B3B3B3B3B3B3B3B3B3B3B3B3B3B3B3B3B3B3B3BFFC00011080190017103012200021101031101FFC4001F0000010501010101010100000000000000000102030405060708090A0BFFC400B5100002010303020403050504040000017D01020300041105122131410613516107227114328191A1082342B1C11552D1F02433627282090A161718191A25262728292A3435363738393A434445464748494A535455565758595A636465666768696A737475767778797A838485868788898A92939495969798999AA2A3A4A5A6A7A8A9AAB2B3B4B5B6B7B8B9BAC2C3C4C5C6C7C8C9CAD2D3D4D5D6D7D8D9DAE1E2E3E4E5E6E7E8E9EAF1F2F3F4F5F6F7F8F9FAFFC4001F0100030101010101010101010000000000000102030405060708090A0BFFC400B51100020102040403040705040400010277000102031104052131061241510761711322328108144291A1B1C109233352F0156272D10A162434E125F11718191A262728292A35363738393A434445464748494A535455565758595A636465666768696A737475767778797A82838485868788898A92939495969798999AA2A3A4A5A6A7A8A9AAB2B3B4B5B6B7B8B9BAC2C3C4C5C6C7C8C9CAD2D3D4D5D6D7D8D9DAE2E3E4E5E6E7E8E9EAF2F3F4F5F6F7F8F9FAFFDA000C03010002110311003F00F65A2968A0028A28A0028A28A0028A28A004A28A2800A28A2800A28A2800A28A2800A5A4A4271400B455796EA08A40AF2004F6CD3BCF8B1FEB17F3A404D9A322B3E7D62C2DD19A4B98C6DEA377359B378C74C89432B97C9E051703A2A2B1ADBC4BA75C1C19846719F9B8A922D7F4F9AEDA049D72A33BB3C51703568ACAB8D6608D1A407F7498DD2F6FA0ABD6D3ADC44B2A10558678F5A4058A29A083D08A5A6805A2928A602D14514005145140051451400514514005145140051451400514514005145140051451400945145002D14514005145140051451400945145001451450014514500251505DDCC7690B4D21F95466B9BBEF1CD942845B90588FE23D0FD295C0E92EEEE1B385A499C2A81EB5CADF78EA284C821843003E525AB88D73C5173A95CAB4B2B32A9E17181D6B9C9EF5B380C7A74C52D58EE91D34FE29B992E2495CA92C7F1AA7378A6E843F2CA7B018F5C5736D71FC44B311FA54324A4E47CC3BD57292D9B43579B0CFB8FCCDF98A63DF3C8776EC9E958DE690B8C9FC6956768DB70C7E345B519B23537562773FCBC53BFB56451B32464F358C652EB900039ED48F29CFCC3BD160B9D2B6BD29B316E6670A581C6735B0FE3BB88B4E82D2CB31AAA000E724F15E7FE697E33F74D3FED0E180E981D68E54173BBB1F185FC770A4CCC141E99C826BD134FF12595C5A465E51E6ED05862BC1EDE620EF7271EDDEB5AD359681BE4639ED81C0A4D5B61AB1EEB15EC12AAB6F0377404D59E38C5785AF8826B6BA2DE73B30E84F3CFF4AE82C3C79791908D2965EE1B9FFF005500CF55A5AE7345F14DAEAA5614478E523F8FA1ADF5FBC31823DA84224A28A298051451400514514005145140051451400514514005145140051451400945145002D145140051451400514514009451450014514D660B9248000E4FA5000C42825880075CD626A9E26B3B28D96361249D38E82B0BC41E3211CB25AC2E142F71DEB82BAD599CC8C49258E79A5AB03635DF13CF74855A66CE7B9E2B91B8BE795C65B07D45437373E6039627D2A9EF391CF15495845996E32720F22ABCCE49193D2A2697939A616E9CF7A68449B88CE38CD34B1CE49E29BB8F1CD2E55873C1A6039BAE01C521208A42085CFEB46EC9E68B82155C8EF523B06C7A9A880EF4F1FEAF3E8691430920FB934A33923348C338EF8EF4807AF3408977E00C548926D007526A0C0C0E29C09393DC71481167CC2CF924803B8A996E4C6C304FD4D551F282734C5259BAFBD319D15A6B7346C9B1D576F402BD37C2DE288A7B554BAB82CC4753DABC5D1C2FD7D6B5B4ED41A2756DDB13A7D05435603E808E459515D0E54F43525799681E2F9A24E49302FDD4CE49AF43B4B95BCB78E74E8E33F4A1016A8A4A5A60145145001451450014514500145145001451450014514500251451400B4514500145145001451450025145140087BD737E2BD7E2B0B27822914CEE30467EE8ABDAF6AE9A4DA34808329FBA09E95E45AD5FBDD4CF2799925893939A5B819DA95E996766C9CE6B31EE189CE696E252CFBBF3AA6EE09C55A15C7C8E48E6A12DD68DC08DB9C534FD6801472314878348783C1A5C64648FD680B8645274E4F20D1D4F5A53ED40872C857AF2BE94B8575CAD33055B8031EF4FC8006DC814000241C119152AF395EA08E94DE0919191405ED9E868290CC6108C6307140181814FC0271820E7AD1D0D002630B9CD2AE368C1E6863C7149B8900629302463BB00727BFBD21CA638F988FCA911B0405E08E94E233907962724FAD08015863F9E6A5F3074DC7A74A80641C74A702477CFAD16034EC2E3636EDC5547626BD0740F1484B8290E582E0104F15E5EAEE48DA3A7AD6CE8F23C4E8525032795039CD268691EFB6F2F9D024A06370CE2A6AE4BC2BAF9BA2B652FF08C2B13C9AEB692620A28A29805145140051451400514514005145140051451400945145002D14514005145140051451400955EF2E92CEDDE795B6AAFEB53938FA579D78DBC49225CC968AC42463E50BFC46901CC7897C45737BA83B3B108490A09E315CC4D3EF07079A9EE6EBED24B86E4F24566C8E0B1EC6A9210D662C79CE6A23C6714AECD9C8E94C2C49C6698837123149B81E08E694E738A4193DA8042851EB46D342A863DF8A942315CF6A771D88C01D181A5031C81902A411BE38C52E38C1420F7C51A058632E793D314E54E0E483F853D71D0834E8D06CC1E47B54B63488C9C60638F6A72923903EB4181F27E52453A389C1CFE95372AC208C392D52ADB65338C9A9523C3FCA3861D2AFDAC6B9DAFC7F5A4D9718DD99096ED96C83C534DBB9230306BA08ECBE76DC339E9ED4C9AD4C7860064F41FE7F1A9E729D330C4451B04E4FA0A19403C2F3EBE957A4B63BF81CF534C16A7961D0F4CF7AB522391A29846DD93D286FCFDEAD4B1328E3F2A84C5C723F3A7CC2E521DEC4E0647B8AB7693FD9E4DEBF7B1C66A20800E78FA539502F39CD3BDC9B58EB741BF7B7689F76CD8720F726BD7B4CBD17F6493820961CE0D782584CCB2E5A40AB5E89E0AD6A0867FB3BDC2A232F00F19351606CF44A5A603C6739CD3E9A10514514C028A28A0028A28A0028A28A0028A28A004A28A280168A28A0028A28A0028A28A00CBD7AF1AC346BAB956DAC8B807EA40AF14D72E5EEE72E5F279AF4FF8877E6DB46FB3C782D21CB0F615E3B7736F6DE692DC0A2EC558FD2A12FB979A7CB26589F6E95186071C62B40400120F14A2327D2955431EA7EB561216619CF1EA0543914A37225B76C7434F16ACC7A1157A08E4C63008ED91835A10DA332E19403EF50E762E34CC75B46C6303F0A9A3B1DCA00241CF435B90D8329276706AEC7A7A1C12B50EA1A2A473A34A941C8191ED4D6D3DC0C95C9AEC22B455EC714B25844F93B4D43AA68A8DCE1DED591B81CFA5096E1DFF00BADEFD2BAC9B4B0C3205553A311FC21BF9D57B544FB1B1911DAC8BC32123F5AB4962AE03A0C1FEE9ED5AD6FA6BA9C3127D8F515A0964ABD01CFB8A975114A91CF1D2E465FBA430E6A58EC7E4C329C8F515D0087B528B7F4159BA8CD153B18E119000E38ECD4C9E1DECBC80A7BFAD6CC902F7415524411F20647D3A54A994E2662C0BBCE718E9514967B5F2C36E7F415A7246251F2919F4AA732CB130DD228C0E3B8AD148CDC0A12D9285DC181FAD5178C6EC2939F7E95A8D7024F97688DC740DC86AA9326F6C15D848EBDAB58B32944A46300FCDC523C248E3F4A9BCB192392074A36EDEB907D3D6B4B9938902E50F23157EC750F2A65E36807822AB12ADC1E0F6A8C6636CF51EB4D916B1EF3E1AD5D354D310EECC8830D5B75E51F0FF0057617B147B8B076DB8031D6BD5E842614514531051451400514514005145140051451400945145002D145140051451400537273C1A7556BE768ACA7910E1950953E871C500792FC40F1045A86AD35BC0DF2DB318B24F53DFF5CD70D249D78CE6AD6A31BC770C5CEF6624B1F7AA4082718E3DE9EC2EA33049E01E6A416FDF07F2A91028FBBC9ABB0A161C8152DD8D231B9561B643F7891F8568C1648C3E51C7AE2AC4102FF741AB9144A38C0AC2523A214C8E0B11FE455F8AD970015A58900FE2CD5A5C607358B91BA8847105380735611074CD3531D7BD4AA7159DCBB0E0A3180327EB4E2BEB4ABD28CE09145C690CDA01F5A5D80AE08A70E4D380E064D21B446100E8314A473528507BD35946739A4C2C478E28C64D38AE38A50A00A008DD6A268C115670A474A632E78A2FA858A2D1E3F847D7BD412C4194AF049F515A2CB85E82AA943BCE7BD6898AC61DE5980B951C7EA2AB270A52407818C9F4EC6BA09210CB8619ACBBBB630FCF8DC87D7B56B1919CA064CF19858EC04AFF00103DBE951337CB9EAA6B419438193FEE9F5ACE910C6C54FDD35B239A686B9538A54618DA6A163838FD69158E7DF35A6E60D9D47862ECD9CDBA363B8B8DA00EE7FF00AF5ED914864855FF00BC01AF9EECAE4C2C8549054E41AF68F08EADFDA9A32330C490FC8C3F952133A0A5A4A5AA1051451400514514005145140051451400945145002D145140051451400565788641168776E5C27C9D4F6AD5AE7BC6AC53C3573819C903E9401E1B7EABE736D937F2795AA39C1AB97C7E72718CFEB5433962335424598577724E3DAB52DD73F2E39ACCB76EC3B7535AB6BCF3C81DAB191BD32FC602606707DAAD222E738CD5588608C64FF4ABB18C8391CD7348EC48993039E9C54E9D2A00DB78FE553A1CD66CB44A38C54CAB5128191538E2A0A1C0719A08CF39A0647419A7AA64F229A0BD860CF14FC66A611F038C5279673D29F28730C51484735214C5205229582E46064E39A7AAFAE69E179C8A705079A2C1722299A632802A765C53180C50172B951D71F8D42CBF3119AB04114C61CE6A4640C8304F7AA9245B832372A41E3D6AFB0A8251E83A56A993D0E79A231C8D137E1546E2323AF5CE0D6E5FC3BD43A8F9979ACC9C6E4DD8CEE1C9F435D317739E68C79C004E2A353918EFEB56EE23E738EA2A8824332E39AD91CAD1721272062BD47E1B5C2A4173031219CAB2E7A1EBD2BCB2DCB165E768F535E93E0967DB3303F22A8C1C600F4FF3EF54D127A552D57B6B85B881645E86A7A448B4514500145145001451450014514500251451400B45145001451450015CCF8FB7FF00C22D7011496665031DB9AE9AB9FF0019431CDE1CB95909E39183DE803C12E04809DC4D54380DD2B42F020720024F4E6B39B2AD8AA27A96606F9828CF3DBD6B5AD18B0FA562C2DDBD6B6AC324638ACA66F4F7356124E39C67B55C8D769EB552DD46727935723EB5CB23BE24C47CA3D6A44E3AD354F14F45F6ACD964EB8A9473D2A251C75A993DAA4078406A78C28E839A8F076F15344B81D3AD54509930462300D1B76F0579A58CEE0467BD3CA61B35A9088FCAEF4C29EDF954F9A663279A868772251EC69481EB8A56C83D79A6E71DB9A4CA435B6E7AF5A8D8F1815239CD331C540C8D86714C233D0D3F1C535B1D8D032261C738A8A44C8A988E298DC2D0988CF994152B904D614EA10BA11F2B1C8C7635BF3A6D248E9ED583A8295C9EC4FE55D107A9CF5763326660C543605537C839FD69F7123291E83BD460EF6E4F0D5D691C6D93404018F3368AF4BF873731B4B2DA655D25439563CF5E9D6BCD6155DFF3F35EA9F0D20124334A23DA1463763A9A649D76912318E6B773FBC86565638EA33D6B5074AA96F161DE4FBAC5886F7F4AB63A502168A28A40145145001451450014514500251451400B4514500145145001585E2F087C35785DB6ED504127BE6B76B91F88E81BC2EE59D940917207F175E2803C635076672718C9F4ACD61CE49ABB34DBC1193F8D5320E79AA13DC745C9AD9B20CA2B26DD72F803BD6D5AA60726B2A8CDA92D4D5833B7356D0E47354E13F2F1572200F6CD71C8EE896114D585ED51247F2D4A8318152D1698F071D3AD4EA49C71CFB544000726A48CE4F7A9B0EE5841C7BD5A8177022AAA37B55C84FCBBBA015A4112D88AAC38EC29EC7D727E94DC8DD924E2A438201E05697208CE1467D7A503A834E6391C8A418E8290C8DBEF138E2A304F5EF52BA9008FE54D2B819EC6A248A4C6753CD464FCD8ED4F0706A3723B541423902999A4DC3241349903AD1601AD51B918C53D88CE2A263C6475A560BA2A4EB9048AC2D47280E46456FC98239AC8BF872A4F26B786E63357473171B4822A18FE6079C91D2ACDCC7E5B9C8E0F6AA8182C9C0E6BB56C704B466959AF9B3804004FAD7B1780005D2E745076ABAE09EF5E3369B8CCBBB819EA6BDA7C091CF1697324F824480AE01E4607AFD68649D498F241CE314FA28A4014514500145145001451450014514500251451400B451450014514500158DE29B6FB4F87EEA3001F97773ED5B3505C44B3C0F0BAEE5914A91EC6803E6ED42278E42368519FC2AB46031C362B7FC53622C35192DF9DC8C54F158D6F0F98C0638A77B204B526B7B727EE8AD58A3DAB8200A2DA1545F9455964E3A5734DDCEB846DA8E88E3001AB693AC43E6EBED5912CCC870BC67BD3124924385627D6A393B97CC7422F536E73DB8A923BAC8E70BF8D73ED2CC8391D6A07B994B6DDCCA3E94FD98F9D9D6FDBA2E99CFE1534770A4020FE75C60BCB85E3276D4D0EA8EA70589143A68154773B78E607B8AB3E68006335C8DAEA72000E78CE39AD686F98AE19B233C1ACF6344D335DE5C007B53C4E1C648CFD2A82CA5979208A923718C1EF4B98AB16DE4651D78A69979C823A5425FE5CF6A6349839038C5171D8B1E6F763FA523DD4638CF4EB59F7371B3183DFB5675CDD4810ED3EC2A910CD2BAD4E18BF880CFBD67B6BB08E327F2E2B1A5492562CC483FCEAA3DBC8FC8E07BD528A21C99D09D722DD90CB9F4CD2B6ACAC0F5CF6AE7A1D3E790FCA981EA6B4E0D3AE157EF1FA1A6D2485CCCB5FDA4D904364D48BA9A31C480A91E83AD446C03C6032ED3EC2ABBD8C91F2A5BFC6A1D995A9A41D24E4306FA76A82488306EF55ED8BC4FCA91F4E9570F207AD2B58BBDD1CEEA36A3696C60FD2B09970C7072473D2BB2BF837C4C715C8DC7C931EDCD755395CE2AB1EA59B278F72F9AC54FB8C8AF6EF04C6BFD82B3231C48E720803A6076FA578969D6A6E6E02A9E0F233CD7BAF852D5ECBC3F044E08272D83D79AD4C0DCCD2D3696900B4514500145145001451450014514500251451400B4514500145145004724A91233B9C2A8C926B9F93C656092901243183F7C0E3EB4CF1A5E3DB6906242434CDB723B0AF378AE258E4265FBADDBD2B2949A67453A5CCAE47F1024B6B8D6A4BAB4984914E0499EE091C8FCEB9CB320C8BE9ED57BC411EE31CA872B83C0ACCB273E60E78CF7AD3E2464D72C8E92250178EF52B2E381D6A184E5463BD4C58E7E95CD2D19D51299B3DEF962700F157ADADE35E48C62A2241CEEA923700633D295EE5C628B6208D8F2A290D9A927E51F9556FB7A8E106F23B0A4FED1941E4C683EBCD4DA45D921D2D8291CC7F881551B4E5CF1C7D6AFADEEEE9751EEF4A649267FD62647F794D17682D16538EDDA35200273D6AE432152A0FA60D280080C872BEB4981907149B1A8D8D4B690ED00D594623BD6742FC8C55D8CE40AC9965B5248C669B274A728E0536414DE81B99F71965E3822AA343E61157A6C1CD41D48E39A69858AFF67DC719E2A68ACD30015A79748725881517DAA56FBAE224F5A776C39516D6D9463835291B7A0159EF70A9F7EED81C7386E9512DE16388EF327DE938C85EE9A6582B608A6F1EA48AA4B773AF3280CBEAB53ACCB226E43906924C7624F2D0FCD81F4A8C26D07B8CFE55229278C531891C555C562BDD2EE888AE2B5150B70C2BB797989B35C4EA7CDCB0AE8A3B9CB5F634741628CAC146E07E5AF52B2F17CE24559A28C263EEA9C5797E8180F1EE8C952F804FAE2B766591E5DE49F97A014EA4F958A8D35347B15BDC25CC0B2C7CAB0C8A9EB9AF075D34FA6796C7943C7D2BA4AD62EE8E69C79656168A28AA2428A28A0028A28A0028A28A004A28A280168A28A00292968A00E43C7685ACE1E3F88F3E9C570B3C68C8ACA43035E87E3392216112B9E7CCCE3DB0735C1BC43ECD90BB76B9C8F4AE7AAB53D1C33F75981AD0296E011904F15CF5B9DB38C74CD749E20C88A3F62722B9E4189D4818C9ADA1F09CB57E33A5B7E635391C54C413DAA0B6E631C55B8D7B919AE79EE6F1D485909AAD74E517E66DA07EB5A8D0657E51835977967331E4922A535D4D2CEC668B89AEA51041F2027AF5A7EA5642C604CBB191BF889AD0B389232011B48F6A9B55B06BDB3CA0CBA1E39ADE3246338C8E6ECD3CD86493EDA91153C2313B9BE9C55FD32E2F4CDE5A13271CA9E6B38D84BE614F29FAF4C75AEB340D2FEC282E2E708C47CAA4F41572B34441493218663B8ED0508FBC956189C6EC1A2EE18A49DA78E6552BFC23BD588601756DBD3E879AE5923B23723824CB75AD4B73902B2228CA4A41ED5AD660F06B268B7B1A91A663A827242915723E21E6AA5C0EB49EC4C4CE9DB1F9557F331F3138C0EB56268CBB6D155AE22FB3C45A41ED4E25DCA17177F3EF93BF406B1B55D46EE1F9402808E07B56E08EDD2757327987BE474F6A66B9A7C7A8DAABC1B5A44EC7BFB57441231A977B1CB82925BC6FF6FDD211CC5B4E57923AFE03F3AD4D134E1A88915E47465504303EB59ABA55D2DC604121C1F9722BAFD1EDD34DB325C03339F987A56B271472C233BEA644ADA8E8F2EC673345EFCE056BD94D15CC62446009EABD292687ED2E4B02734FB5D28C64321C67B573C9A675A4CD054C77E94D7539CD4AB1145C6698C0D646962B4E0F94715C3EA24FDA98FBD77337FAA22B8DBD8B75E3123A1E457452392AAB92E8BB85D42C4288D5C125B1EBF4AEC0C649603B1AE3A04CDD401572BB867DEBB75CED3819DD2605159266B86F756A75BE0B5DB6F364771FCABAA158BE1BB710E9AAD8C6FE6B6874ADA0AC8E1AAEF36C5A28A2ACCC28A28A0028A28A0028A28A004A28A280168A28A0028A28A00A379A7C178A7CE895F2A5727B035E6B7F6B25ACD3DB383953F9D7AB11935C578D2C8C73ADD2E712AED38EC47FF5AB2A8B43A284F95D8E0B5483CE8FE61D2B9F78764A38E86BB09631220623EB587A85B6242531B7D2A60CDEA46FA93DB8DD10E71C55A878AAB684EC19F4AB90637544C54CBF1AA851B8F27D689610EA7B52A2871C8C91D2A70995C1E6B1B9D2CC76B65DD834F480A9387357E5B60DD2A1FB2383957C7B5352124470C3B496755CFBD4B22C44636E7DB34A964C4FCD21FC2A75B58D4F00E7DEAF9985915A38627FBD101CF61562189605711F0A4E71530873D07D689542C78A894866698FF7CCD5A566BF28154A45200C7AD68DA0C006A6F7066947FEAB1552E07356837C98EF55E6E57DE890A254098901C52CF12C981200C3D29CAA49C55811865C7A511636625CC71F64DA41F4E2A1552181DC38F6ADA92D81E1B9A87EC11B1CD6971268A7B831077018ED4E48A2DC727393567FB313B9E2A45B0553CF4A4D97A10A46A5B85E2ACAA8518C548912A8C28A5DA6B20B913002AACA0FAD5C9381F4AA8FF31CD34F525DC81D7F7678AE5AE61DD76FBBBD75B3E16126B01C077DC07249AE88BE5460D733174DB10F731B73856049F6AEA2C216B8BB8A25EED807DCF7ACDD3D36DB6EE335D4F84AD3CCBD121E42293F8D24F9A45CAD085CECADE0104291A8E154002A6A4A5AEB3CCB8B4514500145145001451450014514500251451400B45145001451450036B23C496FF68D2263B3718FE61F4EF5AF4C953CC46561C118A4D5C717667924A3F76E83A83C5655CC476B0E9B7BD6D5EC0D677B25B375562A4FD2B36E7702E3A835CFD4F416B128D93624DA6AF81B65C0CE2B28FC93A107826B5723703FAD54B6338E8CBB0374CD5C159D11EDDC55C491F00D7233AB72C6CCF6A43181DA912439C679A901663D706A6EC761810F5029CA991532A11CE334E0BD72314F510CD81466AA4A771E4F156E4385AA131E48CD0CA48824197C03C5695B0015707B566A0F98035A56D4D099781CAD4329C7E3528C84A865393C9A6C48841C1C54F1B7BD41C1A963C66A51562C050C791C535E3DA0D3837CB814FF00BC2AC8B10638A6ED3D2ACED0474A8C8C67B50F61AB1181C521F7A42C57A9A63BF6AC9B2AC47311C806AA3F0E066A790E4735001BA618E9551D58A6EC887513B61001E4D64C0034ACB8C007BD696A0DB9F1C1DB552D215777DD90C306BA3A18C37B9A968A05AF6E86BB3F08C3B2DE5948EBB57F2CFF0088AE46DD377C8071920D7A0E856BF64D35148C33E59BD89A74B564E25FBB646952D253ABA8F3C28A28A0028A28A0028A28A0028A28A004A28A280168A28A0028A28A004A314B450070BE30D3C25F79DB3E59BB8F515C7BA84CABE715EB1AC69CBA8D949163E71F321F461D2BCDAF6D0ABBC52261D490D9AC26AC75517D0E6AE95030D99201C9AD0562D6F1BF5046287B45DC53D69D6E98B431B7F0354A7735945A772C5BB64FE157536F1935976EF86C55D46C8AC19BC0B2ACA5F356D307A0ED5462E4D5E88F02A0D244EABC0E695BA501B029AEC074C71EB5488209F20566DC4A15F9156EEA7001C104FB5643B34D21C1CD0D1AAD8B30B877E2B52D7A5645A2959706B66DC52F220B4CD84AAD29EF9AB1B4ECAAD38F94D290448F78F5A72483B5517DC0F5A58E639DA69246895CD68DB75598F19C56724980315692439AB467245A2C07B5567EA7934FDF9EBDAA2761DA864C51139C9C544C70D4F6E4D44F8E7159B5A9A31929F969908F9F27A536427D6A544DA8D83C019AD611D4C6666DC65EE18AD3ED22264DCDCEE26A558C9466C72C6ACD8DB334AA8A0B331DA00F5AADD93F0ABB36B42D3BED574991FBB43B9FFC3FCFAD76C1480001F5AA5A5E9E34FB558C0CB9E5CFA9AD1AEAA71E5470D49F34AE252D1456864145145001451450014514500145145002514B450014514500145145001451450037B74AE67C4BE1E7BB3F6CB31FBE5FBEBFDE1FE35D4530F27046452B2634DAD8F22B84689D95E328EBD411835554ABACA15874C9C1AF5EB9D3ACAF181B9B3826DBD3CC8C363F31593E25D3AD974494C36F1C7E5608D880719E4565C9637F6DCCAC7972B056157A26C8E2A94A36B9CD490CA540C5612475536692305156A3978159A92D4E92D62F43A3734849C0CF3514B29C7071502CA7D6918EFEBF9D304886E1B72139E954ED9D1492DD73579D032EDCE477AC6B98A78999A3071DAA930668ABAAC9906B4AD265520935C87DA6EE320C8A194F5C7515AD67768E80863F4A6E24DCEA0DDA15C600AAB2CC841C91CD671B90509DC38EF59B77A85C0CADB45E69F56A9E56C11BFB54AE300D5194049B83F8567417BA915CDC44AA3FD9ABD6CB24EC19B38FA516B1A46E5A8E4DBEB56E3978E9503443B528CA8F6A9B83D4B3E6A8E40E69BE664541BBDE90B73C8A5724989A8647DB49BD476A8A4724D508404331CE6AEA465E26080B33F0A00C9355225CB0E335D1F87E25FB5866E15149C9E82B6A6B539EA4EC8C9874ABF746636CE8A833B9FE518FC6BA6D074B16F6B0DCBC44CD21186230557E95A2D0FF0068951221FB303923FBE7FC2AD9045CC4A00DBB493F874AE95048E39556CB34B45156641451450014514500145145001451450014514500145145001451450014514500145145002514B450037BD55D461173633C247DE4356E9A69580F15BD4DB3B8C77AACA70720D6BF882DBECBAA5C447A2B902B2B68C726B9E68EE83BAB93C6DF2E7352ABF02ABA0E9CD4CBC573B4754193AC9EF4F12FA55627B629A24F9BEF52B14D97C3822A39503AE38A8E26C8EB527514C6546B75E55866ABFD81D0EE88FD456915CF5E3DEA68D0AA8245352138992914F9DA632077AD28AD8205E062A475C738EB52AAFC80F7A1BD46911344AC463E9532058C051C529002FD698C38049E6A5B2EFD0919CD28604715131C20E698926DCE6A189D8949E69A4D217522998E7AD34406EC1A6E326948C9C8ED4E00118A64364909E71915D5F87F4F5B88CC92925548017D6B96B742F280074AF40D06131697167AB727FCFE15D5491C75A5A1A01405C2F007403B556877497F33FF000A0541FCCD59760AA49EDD29902EC4191F31E4D749C84F4514500145145001451450014514500145145001451450014514500145145001451450014514500145145001494B450079FF008F74F2978B76ABF2C89F37FBC3FF00AD5C59AF5EF10E9C352D324880FDE28DC87DEBC9EE6368656461820D65516874D17D048C66A78937360E7155E372ADCD5B46190475AE491D9119344C11829E4FA562CD34F6ADFBC4257FD9ED5D310A40E39C5569E056192A08E9834A325B152BB32E0D4E331E4366ACC7A9023A567DEE969BF72165FF0076AA8B5B856C23123BE7AD6FCA9826D1BC2FC923005598AFD490AF951EB58222B98D72AC873C63BD58582F8A9FDDF5EF4B9116A76DCDE32427E6DE31486F235E36F1EB588AB799DBB338A97CABDD85884181CD0E21CE8D71750BF71F8D064423EF0C7B562F9536CDED2A0DDC818AADB6F1F2061467AE79A9E4B8AED9B33DD2C43716000EE4D50B7D6239E5644C923BFAD43069125D30F3E56700F4C605683E9A8A46C8C0DBC7152D242D6E5889F72E7D6AC28C8A8218C29CE306AD0C60135903100E28E3B538918A58D7738E7BFA55A57336EC8BDA6DBBDC4AA8A092C40AF4148D638D11470A001581E18D3CA1374C3803083F9D7495DD056479F525764246F6DBDBBD4F4DC0A755998514514005145140051451400514514005145140051451400514514005145140051451400514514005145140051451400C61926B80F1A689E44DF6C814947396C7635E807AD41776B1DDC2F0CA328C318A1A1C6566789E769C10462A78E51C55FF001168B36917B2020EC6E55BD4563AB907EF71DAB9271D4EFA72BA35124CAF5A76EDC2A9C727BE6AC2B7008AC1C75374CAF74848E2A8E30456AC8BB9722B3E542A735717A94B71F1E1C8CE2AE44262A591891596AC43641ABF6D7EC916CC7D6B7BA34BA68900B9126E058E7DA95D6691486279EB4E3A8670C0640ED4C7D40B718038A1B424A2868B7589402063D285405C0DB4CF34BB0CD5BB784EE0D8E2B394AC12658810C63E51D6A49500E47E34F1C0C014C7CF422B06EECCC84E14E69449914C738A8831069A064E5EB5348B26BCB8543C0623935976D119A4C0E83A9ADFF0F4EB2EB76F0A7DC4CE7DCE0D6F05A9CF565A6876D6F12C10C7120C0518A9E9A00A75759E78514514005145140051451400514514005145140051451400514514005145140051451400514514005145140051451400514514009498069D49401C6FC40C476D6F232064C9561E95E773A88D8B21DD19E9ED5EA1E3D83CDD019F1FEADC1FCF8FEB5E5459A253B41653D57D6B19EE74D27A13432E00E957236C9EB5961918FC9918FE13DAAD5BCDD0565289D3191A69865C54735A739C6688DC6473C55E45122D61A9B23124B5E7EE9151791B785C835D08B756FEB4D36699CE3F2AA4D95A1822DDCF019AA44B29091C1FA9ADC5B6C74029FF0064EF4F50B99B0DA6DE4E6AFC716D1530880A76001802A1DC4C88A9033918A63548F802ABC927078A4912C8663819C8A81332B614FD6895F2DD001488EC46D51B41EBEF5A24912D96DA6548BCA87BFDE7F5AD7F0971ADC23EBFC8D61A2E07BD6E7850E35B87F1FE46AE0EF2329AF759E894EA68A75761E7851451400514514005145140051451400514514005145140051451400514514005145140051451400514514005145140051451400514514018BE2C87CEF0EDE0C7DD4DDF9735E40E0038C715ED1AE80DA1DE83FF003C1BF9578C30C373CD6550DE93D2C5696161F3467069D04E18ED73B5854DB413504B082770E0D666E69C32640CF515A1048300E6B9F8AE0A300DD6B420B9ACA48D632B9BD190466A4419C0C8159D05D64609A944CFBB8A84CDAC5E3851CF1484A36324D53F358F7C9A70938EBCD36C2C5AC8A6BB01C62A21203C9E2A192E00072D53B83D82690004E6A84D30EE689AE87355D54C8727354910DDC500C8E30302ACC69B7A0A228C2D4CBCD3106060FAD6B785B8D720FA9FE46B2C2E7A8AD0D0654B6D5A095F2006E4FA53869233A9F09E9429D51A30750C0820F2314FE6BB4F385A292969805145140051451400514514005145140051451400514514005145140051451400514514005145140051451400514945002D14951CB32C285DDD5517A93DA802A6B40369376BEB0B03F9578CB8E48AED3C49E296BD91ECED4ED8070CC3AB7FF5AB8C1C9CE31584DDCEAA51B0CC63BD2119E062A620546EA7AE2B337B159E31DF8A8D66685BE6E9EB565F049150BA2B0208CE69EE2B5996E0BD181C8E6AEC575B875AE71D1E26CAE45491DE4C9C707F1A4E2BA1519F73A617000E29DF6918CD73C2F64F4A7ADDCAE718E2A794D3991B725E80BDAAA49725CE01AA6A4BF5249AB70C7DF149A1362A465B19AB888011ED4C5000E95226735203F07240152C71F73491AE4E7BD58C0C508088FDDA6C52159C1A7BE3150E70D9A606EE8BE24934F7305C167833C7765AED2D2F62BC89658640CA7F4AF2D04F999FD6B46C752B9B0937C0C47A8EC7F0AD2156DA339A742FAA3D2A9D581A6789A0BB50B7044327B9E0D6DAB871953907A1ED5D2A49A395C5A7A92514DA5AA245A2928A005A28A2800A28A2800A28A2800A28A2800A28A2800A28A2800A28A2800A28A4A005A2933484D002D267DE9AD205EA40AE7F57F14C5661A3B6DB2C9EBD9693690D26DE86B6A1A9DBE9B0996E1C01D97BB5707AE788A7D518A0FDDC23A267AFD6B3EF6FEE2F65324D2966EDED54CF00E6B9A752EEC8EA8514B565766C316F4AAE9D6A4B86C1FAD46A0022A2E68B726C0C7AD35938A7AFE7526D04522CA2D19A8BBF357DA1602ABC91F238AA4C190950E306A16B5C72066AD08CF6A7AA363A53BB26C50F2581F4A9A388E7D6AE0877755A99610BFC349C8A488618877156D30BC74A1613F4A9520C1F5A865A40AA5BBF152A27A5396339E9C55844C76A0611A0039A53814B823BF14C2474CD210D73CF15049926A63C9A630EF8A18EC440FCD56D395E6AA20E483D6AE4631806A1A189C8391D6B4EC35BBAB17011CB29182AC78AA3B49A8CAD38CDA2654D3DCEE2C3C496D758497F7521E307A1AD8570C010D915E60A4A9CF35A763ACDDDA6DF9C91FDD6E78AE88D6EE72CB0F6D8EFB34A3A579EEA1E22F1224A66D3E4B79A30726131FCC3F1CD6B59FC42D24C08BA8C86CEE40FDE47229E0FB1AE8524CE67068EB68AE621F883E1D9E65892F0927B943815D1ACA194104107A639AA24928A6827BD2D002D14945002D1451400514945002D145140051494500264E7150CD751DB8CCD22460F4DCC066B9CF1778CA2F0DC5E5471F9D76E0EC5390147A93FD2BC8354F11DFEB3766E2F2E5E5383B573855FA0ED401EB9E24F881A6E847C8876DE5D778D1BE54FF78F38AC0B2F1EF8835476923B5B7B6B707EFBA93F973CD711A269A2F5CDCDD1F3101E149EF5D5005502A8C05E0018181594E76D0E9852B9ABA8788AEEF1042D27CB8E768DB9AC76CB724E734F0B93834E2315CEE4D9D318A89014E3DEA19863B55965C73EB55E5F4A82999F28CB9A153BD3A5E1CD390161C5593605241A9D0E781506DE69EA707914864E578CD412458E7B54CBF778A47CEDCD30B10AA8C548140E2938CD49807F0A0690AA00A9540A894E2A4539350CAB1205F7A91572319C9A4534A49A603D576F34FDC738C53510B0E4F14F0067A734098D39638CD378CF02A52B8EB4C3D6900D039A86E665B788C926702AC81514AAB22ED650C3DE90EE4519DC55C0C835710719A8163DA07B55853F2D20B8E5E38A52B401CD3854D8634AE7B534A70054C7A7BD295068B01002C0E4139031505FDADB6A3098EF2212607CAFFC4BF435736F3514A010715A465621C53382D4F4D3A44EC6294C9149FDE3CFD0D5AB0F196AF62C860BE970A00019B70C7E35178AA4C5E44B8E003915CF2B0EB8AEE87BCAE79F574958F60D13E284474F9FFB5157ED1126E8F670253E9EC6AD786BE2336ADAB0B3BC86281651FBB653D0FA135E302660415247AFBD4F6D76F148AC8C55BA823B55D8CCFA77752D79DF827E2045771C7A76A8CDF6855F926DA4EE03D71DEBB5835AB1B85DD14FB87AEC6FF0A406851553FB46D7FE7AFF00E3A68A00FFD9','已注册',NULL,NULL,NULL,NULL,0),('E003','sss','M','','','','','','','',NULL,'职称a','','青海','西宁市','湟源县','','',NULL,NULL,NULL,NULL,NULL,NULL,NULL,NULL,NULL,NULL,NULL,NULL,NULL,NULL,0,NULL,'已注册',NULL,NULL,NULL,NULL,0),('E004','张五','M','','','','','','','',NULL,'职称a','','甘肃','兰州市','榆中县','','',NULL,NULL,NULL,NULL,NULL,NULL,NULL,NULL,NULL,NULL,NULL,NULL,NULL,NULL,0,NULL,'已注册',NULL,NULL,NULL,NULL,0),('E005',NULL,NULL,NULL,NULL,NULL,NULL,NULL,NULL,NULL,NULL,NULL,NULL,NULL,NULL,NULL,NULL,NULL,NULL,NULL,NULL,NULL,NULL,NULL,NULL,NULL,NULL,NULL,NULL,NULL,NULL,NULL,0,NULL,'已创建',NULL,NULL,NULL,NULL,0);

#
# Structure for table "hospital"
#

CREATE TABLE `hospital` (
  `Hs_ID` varchar(64) NOT NULL,
  `Hs_Name` varchar(64) DEFAULT NULL,
  `Hs_Province` varchar(64) DEFAULT NULL,
  `Hs_City` varchar(32) DEFAULT NULL,
  `Hs_County` varchar(32) DEFAULT NULL,
  `Hs_Address` varchar(255) DEFAULT NULL,
  `Hs_HospitalPhone` varchar(255) DEFAULT NULL,
  `Hs_ContactWay` varchar(32) DEFAULT NULL,
  `Hs_Contacts` varchar(64) DEFAULT NULL,
  `Hs_ContactsPhone` varchar(16) DEFAULT NULL,
  `Hs_Rank` varchar(32) DEFAULT NULL,
  `Hs_Resume` text,
  `Hs_Remark` text,
  `Hd_Apply` datetime DEFAULT NULL,
  `Hd_Reg` datetime DEFAULT NULL,
  `Hs_Auditor` varchar(64) DEFAULT NULL,
  `Hi_State` varchar(128) DEFAULT NULL,
  `Hi_Authority` text,
  `Hs_Reserve1` varchar(64) DEFAULT NULL,
  `Hs_Reserve2` varchar(128) DEFAULT NULL,
  `Hb_Reserve3` int(32) DEFAULT NULL,
  `Hi_Reserve4` smallint(16) DEFAULT NULL,
  `Hs_State` varchar(255) DEFAULT NULL,
  `Hs_Reservel` varchar(255) DEFAULT NULL,
  `Hs_Reserve3` varchar(255) DEFAULT NULL,
  `Hs_Reserve4` int(11) DEFAULT NULL,
  `Hs_Reserve5` int(11) DEFAULT NULL,
  PRIMARY KEY (`Hs_ID`)
) ENGINE=InnoDB DEFAULT CHARSET=utf8;

#
# Data for table "hospital"
#

INSERT INTO `hospital` VALUES ('H002','人民医院','北京','市辖区','东城区','','18620783584;18603036649;   18620783584;18603036649;18620783584;18603036649;   18620783584;18603036649;18620783584;18603036649;   ','','','','','','',NULL,NULL,NULL,NULL,'0',NULL,NULL,NULL,NULL,'已注册',NULL,NULL,0,0),('H003','中心医院','上海','市辖区','黄浦区','','15822334455;15822334455;15822334455;15822334455;15822334455;15822334455;15822334455;15822334455;\r\n15822334455;15822334455;15822334455;15822334455;15822334455;15822334455;15822334455;15822334455;','','','','','','',NULL,NULL,NULL,NULL,'0',NULL,NULL,NULL,NULL,'已注册',NULL,NULL,0,0);

#
# Structure for table "imagearchiving"
#

CREATE TABLE `imagearchiving` (
  `Hs_ID` varchar(64) NOT NULL,
  `Pi_SerialNO` int(11) NOT NULL,
  `Is_ImageAchName` varchar(255) NOT NULL,
  `Is_ImageID` varchar(255) DEFAULT NULL,
  `Is_Modality` varchar(255) DEFAULT NULL,
  `Ii_ImageNo` int(11) DEFAULT NULL,
  `Is_SOPInstanceUID` varchar(255) DEFAULT NULL,
  `Ii_SeriesID` varchar(255) DEFAULT NULL,
  `Is_SeriesDescription` varchar(255) DEFAULT NULL,
  `Is_SeriesUID` varchar(255) DEFAULT NULL,
  `Ii_ImageCount` int(11) DEFAULT NULL,
  `Ii_MinImageID` int(11) DEFAULT NULL,
  `Ii_MaxImageID` int(11) DEFAULT NULL,
  `Is_ImageSavePath` varchar(255) DEFAULT NULL,
  `Is_BodyPart` varchar(255) DEFAULT NULL,
  `Is_ProtocolName` varchar(255) DEFAULT NULL,
  `Is_OriImgName` varchar(255) DEFAULT NULL,
  `Is_ImageCode` varchar(255) DEFAULT NULL,
  `Is_Reserve1` varchar(255) DEFAULT NULL,
  `Is_Reserve2` varchar(255) DEFAULT NULL,
  `Ib_Reserve3` varchar(255) DEFAULT NULL,
  `Ii_Reserve4` int(11) DEFAULT NULL,
  PRIMARY KEY (`Hs_ID`,`Pi_SerialNO`,`Is_ImageAchName`)
) ENGINE=InnoDB DEFAULT CHARSET=utf8;

#
# Data for table "imagearchiving"
#

INSERT INTO `imagearchiving` VALUES ('h001',2,'DX.a18926.1.1.dcm','a18926','DX',1,'','1','','',1,1,1,'down2.pdf','CHEST','胸部','1.2.156.147522.44.410947.30.1.1.20140427121237.dcm','29DE8CDEB7914658A275A9EA9ACCBC7E','','','0',0),('h002',2,'DX.0000001.1.1.dcm','0000001','DX',1,'','2','','',2,1,1,'down1.pdf','CHEST','胸部','1.2.156.147522.44.410947.9.1.1.20130221120606.dcm','B0761D8E71D0464D9DA7AC765AE5D6FA','','','0',0),('h002',2,'DX.0000001.2.1.dcm','0000001','DX',1,'','2','','',2,1,1,'down2.pdf','FOOT','踝关节','1.2.156.147522.44.410947.9.2.1.20130221121156.dcm','51C52B735E354666B3B31CAB902E08F6','','','0',0),('h003',2,'DX.00dhli23.1.1.dcm','00dhli23','MR',1,'','1','','',3,1,3,'down2','SKULL','头部','1.2.156.147522.44.410947.30.1.1.20140427121237.dcm','39DE8CDEB7914658A275A9EA9ACCBC7E','','','0',0),('h003',2,'DX.00dhli23.1.2.dcm','00dhli23','MR',2,'','1','','',3,1,3,'down2','SKULL','头部','1.2.156.147522.44.410947.30.1.2.20140427121237.dcm','49DE8CDEB7914658A275A9EA9ACCBC7E','','','0',0),('h003',2,'DX.00dhli23.1.3.dcm','00dhli23','MR',3,'','1','','',3,1,3,'down2','SKULL','头部','1.2.156.147522.44.410947.30.1.3.20140427121237.dcm','59DE8CDEB7914658A275A9EA9ACCBC7E','','','0',0);

#
# Structure for table "link"
#

CREATE TABLE `link` (
  `Hs_ID` varchar(64) NOT NULL,
  `Hs_Name` varchar(64) DEFAULT NULL,
  `Es_ID` varchar(64) NOT NULL,
  `Es_Name` varchar(64) DEFAULT NULL,
  `LinkTime` datetime DEFAULT NULL,
  `Auditor` varchar(64) DEFAULT NULL,
  `LinkState` smallint(16) DEFAULT NULL,
  PRIMARY KEY (`Es_ID`,`Hs_ID`)
) ENGINE=InnoDB DEFAULT CHARSET=utf8;

#
# Data for table "link"
#

INSERT INTO `link` VALUES ('H002',NULL,'E001',NULL,'2014-10-30 15:16:17',NULL,1),('H003',NULL,'E001',NULL,'2014-10-30 15:10:11',NULL,1),('H002',NULL,'E002',NULL,'2014-10-30 15:10:05',NULL,1),('H002',NULL,'E003',NULL,'2014-10-30 15:10:08',NULL,1),('H002',NULL,'E004',NULL,'2014-10-31 17:25:59',NULL,1);

#
# Structure for table "misp_oper_log"
#

CREATE TABLE `misp_oper_log` (
  `id` int(11) NOT NULL,
  `USER` varchar(255) NOT NULL,
  `NAME` varchar(100) NOT NULL,
  `OBJECT` varchar(255) DEFAULT NULL,
  `RESULT` varchar(255) DEFAULT NULL,
  `OPER_DESP` varchar(255) DEFAULT NULL,
  `OPER_TIME` datetime DEFAULT NULL,
  PRIMARY KEY (`id`)
) ENGINE=InnoDB DEFAULT CHARSET=utf8;

#
# Data for table "misp_oper_log"
#

INSERT INTO `misp_oper_log` VALUES (1,'E001','登录',NULL,'成功',NULL,'2014-10-31 17:46:57'),(6,'E001','撤销报告',NULL,'成功',NULL,'2014-10-31 17:54:11'),(7,'E001','撤销报告',NULL,'成功',NULL,'2014-10-31 17:54:14'),(8,'E001','提交报告',NULL,'成功',NULL,'2014-10-31 17:54:36'),(9,'E001','提交报告',NULL,'成功',NULL,'2014-10-31 17:54:46'),(10,'admin','登录',NULL,'成功',NULL,'2014-10-31 17:55:26'),(11,'E001','登录',NULL,'成功',NULL,'2014-10-31 17:57:28'),(12,'E001','撤销报告',NULL,'成功',NULL,'2014-10-31 17:57:35'),(13,'E001','提交报告',NULL,'成功',NULL,'2014-10-31 18:00:41'),(14,'admin','登录',NULL,'成功',NULL,'2014-10-31 18:01:07'),(15,'admin','登录',NULL,'成功',NULL,'2014-10-31 18:07:32'),(16,'E002','登录',NULL,'成功',NULL,'2014-10-31 18:12:11'),(17,'E002','撤销报告','报告编号2','成功',NULL,'2014-10-31 18:14:34'),(18,'admin','登录',NULL,'成功',NULL,'2014-10-31 18:15:08'),(19,'E001','登录',NULL,'成功',NULL,'2014-10-31 18:18:36'),(20,'H002','登录',NULL,'成功',NULL,'2014-10-31 18:20:35'),(21,'admin','登录',NULL,'成功',NULL,'2014-10-31 21:00:21'),(22,'admin','创建用户','E005','成功',NULL,'2014-10-31 21:00:40'),(23,'E004','登录',NULL,'成功',NULL,'2014-10-31 21:04:15'),(24,'admin','登录',NULL,'成功',NULL,'2014-10-31 21:28:27'),(25,'H002','登录',NULL,'成功',NULL,'2014-10-31 21:28:49'),(26,'H002','登录',NULL,'成功',NULL,'2014-10-31 22:55:37'),(27,'E003','登录',NULL,'成功',NULL,'2014-10-31 23:02:07'),(28,'H002','登录',NULL,'成功',NULL,'2014-10-31 23:06:01'),(29,'H003','登录',NULL,'成功',NULL,'2014-10-31 23:42:04'),(30,'H002','登录',NULL,'成功',NULL,'2014-10-31 23:45:26'),(31,'H002','登录',NULL,'成功',NULL,'2014-10-31 23:55:03'),(32,'admin','登录',NULL,'成功',NULL,'2014-11-04 11:37:37');

#
# Structure for table "misp_privilege"
#

CREATE TABLE `misp_privilege` (
  `ID` int(11) NOT NULL,
  `master_type` varchar(20) NOT NULL,
  `master_value` varchar(255) NOT NULL,
  `access_obj_type` varchar(20) NOT NULL,
  `access_obj_value` varchar(50) NOT NULL,
  `operation` varchar(20) DEFAULT NULL,
  PRIMARY KEY (`ID`)
) ENGINE=InnoDB DEFAULT CHARSET=utf8;

#
# Data for table "misp_privilege"
#

INSERT INTO `misp_privilege` VALUES (1,'ROLE','1','MENU','1',''),(2,'ROLE','1','MENU','2',''),(3,'ROLE','1','MENU','9',''),(4,'ROLE','1','MENU','10',''),(5,'ROLE','1','MENU','11',NULL),(6,'ROLE','2','MENU','1',NULL),(7,'ROLE','2','MENU','3',NULL),(8,'ROLE','2','MENU','4',NULL),(9,'ROLE','2','MENU','7',NULL),(10,'ROLE','2','MENU','9',NULL),(11,'ROLE','2','MENU','10',NULL),(12,'ROLE','2','MENU','11',NULL),(16,'ROLE','99','MENU','4',NULL),(17,'ROLE','99','MENU','5',NULL),(18,'ROLE','99','MENU','6',NULL),(19,'ROLE','99','MENU','7',NULL),(20,'ROLE','99','MENU','8',NULL),(21,'ROLE','99','MENU','9',NULL),(22,'ROLE','99','MENU','10',NULL),(23,'ROLE','99','MENU','11',NULL),(24,'ROLE','99','MENU','12',NULL),(25,'ROLE','99','MENU','13',NULL),(26,'ROLE','88','MENU','4',''),(27,'ROLE','88','MENU','5',NULL),(28,'ROLE','88','MENU','6',NULL),(29,'ROLE','88','MENU','7',NULL),(30,'ROLE','88','MENU','8',NULL),(31,'ROLE','88','MENU','9',NULL),(32,'ROLE','88','MENU','10',NULL),(33,'ROLE','88','MENU','11',NULL),(34,'ROLE','88','MENU','12',NULL),(35,'ROLE','88','MENU','13',NULL);

#
# Structure for table "misp_system_id_type"
#

CREATE TABLE `misp_system_id_type` (
  `NAME` varchar(20) NOT NULL,
  `STEP` int(11) NOT NULL,
  `LENGTH` int(11) NOT NULL,
  `INC_MODE` int(11) NOT NULL,
  `CURRENT_ID` int(11) NOT NULL,
  `PREFIX` varchar(255) DEFAULT NULL,
  `SUFFIX` varchar(255) DEFAULT NULL,
  PRIMARY KEY (`NAME`)
) ENGINE=InnoDB DEFAULT CHARSET=utf8;

#
# Data for table "misp_system_id_type"
#


#
# Structure for table "misp_system_menu"
#

CREATE TABLE `misp_system_menu` (
  `MENU_ID` varchar(20) NOT NULL,
  `NAME` varchar(50) NOT NULL,
  `VALUE` varchar(50) NOT NULL,
  `TYPE` varchar(10) DEFAULT NULL,
  `ICON` varchar(50) DEFAULT NULL,
  `EXTERNAL` varchar(255) DEFAULT NULL,
  `FRESH` varchar(255) DEFAULT NULL,
  `URL` varchar(100) DEFAULT NULL,
  `PARENT_ID` varchar(20) DEFAULT NULL,
  `FUNCTION_ID` varchar(50) DEFAULT NULL,
  PRIMARY KEY (`MENU_ID`)
) ENGINE=InnoDB DEFAULT CHARSET=utf8;

#
# Data for table "misp_system_menu"
#

INSERT INTO `misp_system_menu` VALUES ('1','个人信息','个人信息',NULL,NULL,NULL,NULL,NULL,'0','1'),('10','诊断统计','诊断统计',NULL,NULL,NULL,NULL,'report/ReportManage','9','10'),('11','费用统计','费用统计',NULL,NULL,NULL,NULL,'report/ReportManage!costCount.action','9','11'),('12','日志管理','日志管理',NULL,NULL,NULL,NULL,NULL,'0','12'),('13','操作日志','操作日志',NULL,NULL,NULL,NULL,'log/LogManage','12','13'),('2','专家信息','专家信息',NULL,NULL,NULL,NULL,'ExpertManage!infoEdit.action','1','2'),('3','医院信息','医院信息',NULL,NULL,NULL,NULL,'HospitalManage!infoEdit.action','1','3'),('4','用户管理','用户管理',NULL,NULL,NULL,NULL,NULL,'0','4'),('5','系统用户','系统用户',NULL,NULL,NULL,NULL,'user/UserManage','4','5'),('6','修改申请','修改申请',NULL,NULL,NULL,NULL,'user/ApprovalManage','4','6'),('7','专家管理','专家管理',NULL,NULL,NULL,NULL,'user/ExpertManage','4','7'),('8','医院管理','医院管理',NULL,NULL,NULL,NULL,'user/HospitalManage','4','8'),('9','统计信息','统计信息',NULL,NULL,NULL,NULL,NULL,'0','9');

#
# Structure for table "patient"
#

CREATE TABLE `patient` (
  `Pi_SerialNO` int(32) NOT NULL,
  `Hs_ID` varchar(64) NOT NULL,
  `Ps_PatientID` varchar(64) DEFAULT NULL,
  `Ps_Name` varchar(64) DEFAULT NULL,
  `Ps_EName` varchar(64) DEFAULT NULL,
  `Ps_Sex` varchar(4) DEFAULT NULL,
  `Pd_Birthday` date DEFAULT NULL,
  `Ps_Age` varchar(16) DEFAULT NULL,
  `Ps_Modality` varchar(16) DEFAULT NULL,
  `Ps_StudyDescription` varchar(255) DEFAULT NULL,
  `Pi_StudyID` int(32) DEFAULT NULL,
  `Ps_StudyInstanceUID` varchar(128) DEFAULT NULL,
  `Ps_AccessionNO` varchar(64) DEFAULT NULL,
  `Ps_OperatorsName` varchar(64) DEFAULT NULL,
  `Pd_StudyDate` datetime DEFAULT NULL,
  `Pd_StudyTime` datetime DEFAULT NULL,
  `Pi_MaxSeriesNo` smallint(16) DEFAULT NULL,
  `Ps_ImageID` varchar(64) DEFAULT NULL,
  `Ps_Height` varchar(16) DEFAULT NULL,
  `Ps_Weight` varchar(16) DEFAULT NULL,
  `Pi_Marriage` smallint(16) DEFAULT NULL,
  `Ps_Nation` varchar(16) DEFAULT NULL,
  `Ps_Country` varchar(64) DEFAULT NULL,
  `Ps_Reserve1` varchar(64) DEFAULT NULL,
  `Ps_Reserve2` varchar(64) DEFAULT NULL,
  `Ps_Reserve3` varchar(128) DEFAULT NULL,
  `Pb_Reserve4` text,
  `Pi_Reserve5` int(32) DEFAULT NULL,
  `Pi_Reserve6` smallint(16) DEFAULT NULL,
  PRIMARY KEY (`Pi_SerialNO`,`Hs_ID`)
) ENGINE=InnoDB DEFAULT CHARSET=utf8;

#
# Data for table "patient"
#

INSERT INTO `patient` VALUES (1,'h001','a18926','李四','LI SI','M','1983-11-23','31','DX','',0,'','','',NULL,NULL,0,'Ta18926','','',0,'','','','','','',0,0),(2,'h002','0000001','张三','ZHANG SHAN','F','1994-01-23','20','DR','',0,'','','',NULL,NULL,0,'T0000001','','',0,'','','','','','',0,0),(3,'h003','00dhli23','张飞','ZHANG FEI','O','2010-09-23','4','MR','',0,'','','',NULL,NULL,0,'T00dhli23','','',0,'','','','','','',0,0);

#
# Structure for table "report"
#

CREATE TABLE `report` (
  `Hs_ID` varchar(255) NOT NULL,
  `Pi_SerialNO` int(11) NOT NULL,
  `Rs_ReportNO` varchar(255) DEFAULT NULL,
  `Rs_PatientID` varchar(255) DEFAULT NULL,
  `Rs_PatientName` varchar(255) DEFAULT NULL,
  `Rs_PatientSex` varchar(255) DEFAULT NULL,
  `Rs_PatientAge` varchar(255) DEFAULT NULL,
  `Rs_Department` varchar(255) DEFAULT NULL,
  `Rs_HospitalNo` varchar(255) DEFAULT NULL,
  `Rs_BedNo` varchar(255) DEFAULT NULL,
  `Rs_BodyPart` varchar(255) DEFAULT NULL,
  `Rs_PreView` varchar(255) DEFAULT NULL,
  `Rs_Diagnosis` varchar(255) DEFAULT NULL,
  `Rs_StudyContent` varchar(255) DEFAULT NULL,
  `Rs_StudyConclusion` varchar(255) DEFAULT NULL,
  `Rs_ExStudyContent` varchar(255) DEFAULT NULL,
  `Rs_ExStudyConclusion` varchar(255) DEFAULT NULL,
  `Rs_ExStyContentCode` varchar(255) DEFAULT NULL,
  `Rs_ExStyConclusionCode` varchar(255) DEFAULT NULL,
  `Rd_StudyDate` datetime DEFAULT NULL,
  `Rd_ReportDate` datetime DEFAULT NULL,
  `Rs_ReviewDate` datetime DEFAULT NULL,
  `Rs_OperatorsPhysician` varchar(255) DEFAULT NULL,
  `Rs_ReportPhysician` varchar(255) DEFAULT NULL,
  `Rs_ReviewPhysician` varchar(255) DEFAULT NULL,
  `Ri_ImageCount` int(11) DEFAULT NULL,
  `Rs_ImagePathWL` varchar(255) DEFAULT NULL,
  `Rd_ExApply` datetime DEFAULT NULL,
  `Rd_ExStartUpImg` datetime DEFAULT NULL,
  `Rd_ExEndUpImg` datetime DEFAULT NULL,
  `Rd_ExReport` datetime DEFAULT NULL,
  `Rd_ExDownReport` datetime DEFAULT NULL,
  `Rs_ExApplyDoctor` varchar(255) DEFAULT NULL,
  `Rs_ExDoctor` varchar(255) DEFAULT NULL,
  `Rs_ExState` varchar(255) DEFAULT NULL,
  `Rs_ExReportState` int(11) DEFAULT NULL,
  PRIMARY KEY (`Hs_ID`,`Pi_SerialNO`)
) ENGINE=MyISAM DEFAULT CHARSET=utf8;

#
# Data for table "report"
#

INSERT INTO `report` VALUES ('H002',1,NULL,NULL,'张飞',NULL,NULL,NULL,NULL,NULL,NULL,NULL,NULL,NULL,NULL,'','',NULL,NULL,NULL,NULL,NULL,NULL,NULL,NULL,2,NULL,'2014-10-31 00:00:00',NULL,NULL,NULL,NULL,NULL,'E001','',2),('H002',2,NULL,NULL,'赵云',NULL,NULL,NULL,NULL,NULL,NULL,NULL,NULL,NULL,NULL,'','',NULL,NULL,NULL,NULL,NULL,NULL,NULL,NULL,2,NULL,'2014-10-23 00:00:00',NULL,NULL,NULL,NULL,NULL,'E002',NULL,0),('H002',3,NULL,NULL,'关羽',NULL,NULL,NULL,NULL,NULL,NULL,NULL,NULL,NULL,NULL,NULL,NULL,NULL,NULL,NULL,NULL,NULL,NULL,NULL,NULL,2,NULL,'2014-10-27 00:00:00',NULL,NULL,NULL,NULL,NULL,'E003',NULL,0),('H003',4,NULL,NULL,'黄忠',NULL,NULL,NULL,NULL,NULL,NULL,NULL,NULL,NULL,NULL,'没有名字叫我怎么写？？？？！！','同左！',NULL,NULL,NULL,NULL,NULL,NULL,NULL,NULL,2,NULL,'2014-10-30 00:00:00',NULL,NULL,NULL,NULL,NULL,'E001',NULL,2);

#
# Structure for table "user"
#

CREATE TABLE `user` (
  `Ui_ID` int(32) NOT NULL,
  `Us_Account` varchar(16) DEFAULT NULL,
  `Us_PassWord` varchar(10) DEFAULT NULL,
  `Ui_AccountType` int(32) DEFAULT NULL,
  `Ui_Grade` smallint(16) DEFAULT NULL,
  `Ud_RegDate` datetime DEFAULT NULL,
  PRIMARY KEY (`Ui_ID`)
) ENGINE=InnoDB DEFAULT CHARSET=utf8;

#
# Data for table "user"
#

INSERT INTO `user` VALUES (1,'admin','1234',99,NULL,NULL),(3,'E001','1234',1,NULL,'2014-10-20 21:56:38'),(4,'E002','1234',1,NULL,'2014-10-30 11:48:03'),(5,'E003','1234',1,NULL,'2014-10-30 11:48:13'),(6,'E004','1234',1,NULL,'2014-10-30 11:48:28'),(7,'H002','1234',2,NULL,'2014-10-30 13:56:26'),(8,'H003','1234',2,NULL,'2014-10-30 13:56:43'),(9,'E005','1234',1,NULL,'2014-10-31 21:00:40');

CREATE VIEW `view_report` AS 
  select concat(`report`.`Hs_ID`,`report`.`Pi_SerialNO`) AS `id`,`report`.`Hs_ID` AS `Hs_ID`,`report`.`Pi_SerialNO` AS `Pi_SerialNO`,`report`.`Rs_ReportNO` AS `Rs_ReportNO`,`report`.`Rs_PatientID` AS `Rs_PatientID`,`report`.`Rs_PatientName` AS `Rs_PatientName`,`report`.`Rs_PatientSex` AS `Rs_PatientSex`,`report`.`Rs_PatientAge` AS `Rs_PatientAge`,`report`.`Rs_Department` AS `Rs_Department`,`report`.`Rs_HospitalNo` AS `Rs_HospitalNo`,`report`.`Rs_BedNo` AS `Rs_BedNo`,`report`.`Rs_BodyPart` AS `Rs_BodyPart`,`report`.`Rs_PreView` AS `Rs_PreView`,`report`.`Rs_Diagnosis` AS `Rs_Diagnosis`,`report`.`Rs_StudyContent` AS `Rs_StudyContent`,`report`.`Rs_StudyConclusion` AS `Rs_StudyConclusion`,`report`.`Rs_ExStudyContent` AS `Rs_ExStudyContent`,`report`.`Rs_ExStudyConclusion` AS `Rs_ExStudyConclusion`,`report`.`Rs_ExStyContentCode` AS `Rs_ExStyContentCode`,`report`.`Rs_ExStyConclusionCode` AS `Rs_ExStyConclusionCode`,`report`.`Rd_StudyDate` AS `Rd_StudyDate`,`report`.`Rd_ReportDate` AS `Rd_ReportDate`,`report`.`Rs_ReviewDate` AS `Rs_ReviewDate`,`report`.`Rs_OperatorsPhysician` AS `Rs_OperatorsPhysician`,`report`.`Rs_ReportPhysician` AS `Rs_ReportPhysician`,`report`.`Rs_ReviewPhysician` AS `Rs_ReviewPhysician`,`report`.`Ri_ImageCount` AS `Ri_ImageCount`,`report`.`Rs_ImagePathWL` AS `Rs_ImagePathWL`,`report`.`Rd_ExApply` AS `Rd_ExApply`,`report`.`Rd_ExStartUpImg` AS `Rd_ExStartUpImg`,`report`.`Rd_ExEndUpImg` AS `Rd_ExEndUpImg`,`report`.`Rd_ExReport` AS `Rd_ExReport`,`report`.`Rd_ExDownReport` AS `Rd_ExDownReport`,`report`.`Rs_ExApplyDoctor` AS `Rs_ExApplyDoctor`,`report`.`Rs_ExDoctor` AS `Rs_ExDoctor`,`report`.`Rs_ExState` AS `Rs_ExState`,`report`.`Rs_ExReportState` AS `Rs_ExReportState` from `report`;
