<!DOCTYPE struts PUBLIC
"-//Apache Software Foundation//DTD Struts Configuration 2.0//EN"
"http://struts.apache.org/dtds/struts-2.0.dtd">


<struts>
<constant name="struts.ui.theme" value="simple" />
<constant name="struts.enable.DynamicMethodInvocation" value="true"/>
<constant name="struts.ui.templateDir" value="template" />
<constant  name="struts.custom.i18n.resources" value="package"></constant>   

<constant name="struts.ui.templateSuffix" value="ftl" />
<constant name="struts.i18n.encoding" value="UTF-8" />    
 <package name="misp" namespace="/" extends="struts-default" abstract="true">
     <interceptors>
           <interceptor-stack name="logException">
              <interceptor-ref name="defaultStack" />
              <!-- 覆盖defultStack中的exception设置，启用它的日志功能 -->
              <interceptor-ref name="exception">
                  <param name="logEnabled">true</param>
                  <param name="logLevel">info</param>             
              </interceptor-ref>
           </interceptor-stack>
       </interceptors>
       <!-- 修改默认的拦截器stack，原来是defaultStack -->
       <default-interceptor-ref name="logException"/>
   
         <global-results>
            <result name="misp-done">/client/misp/common/mispDone.jsp</result>
             
            <result name="exception-system">/client/misp/common/systemError.jsp</result>
 
            <result name="exception-service">/client/misp/common/operateError.jsp</result>
        </global-results>
             
        <global-exception-mappings>
            <exception-mapping result="exception-system" exception="java.lang.Exception"></exception-mapping>
            
            <exception-mapping result="exception-service" exception="cn.fuego.common.exception.SystemOperateException"></exception-mapping>
        </global-exception-mappings>   

 </package>
 
 
    
	<package name="login" extends="misp">
		<action name="login" class="cn.fuego.misp.web.action.login.LoginAction">
			<result type="redirect">/client/misp/home.jsp</result>
			<result type="chain" name="Index">
			  <param name="actionName">ReportManage</param>
            </result>    
			<result name="home">/client/misp/login.jsp</result>
			
			<result type="chain" name="LoginFailed">
			  <param name="actionName">login</param>
			  <param name="method">home</param>
				<param name="message">${message}</param>
			</result>		    
			<result name="validateCode" >/client/misp/login.jsp
			</result>			
		 
		</action>
		<action name="ValidateImage" class="cn.fuego.misp.web.action.login.ValidateImageAction" method="createImage">     
            <result type="stream">    
                 <param name="contentType">image/jpeg</param>    
                 <param name="inputName">codeStream</param>    
             </result>      
		</action> 		  
 
 	</package>
 	
 	    
	<package name="log" extends="misp">
		<action name="LogManage" class="cn.fuego.misp.web.action.log.LogManageAction">
			<result>/client/misp/log/logManage.jsp</result>
 
 		</action>
 
 	</package>
 	
 	<package name="expert" extends="misp">
  
   		<action name="ReportManage" class="cn.fuego.remote.medical.expert.web.action.report.ReportManageAction">
			<result type="dispatcher">/client/expert/patientList.jsp</result>
 			
			<result type="dispatcher" name="showInfo">/client/expert/patientInfo.jsp</result>	
			<result type="dispatcher" name="showTransfer">/client/expert/transferExpert.jsp</result>
			<result type="dispatcher" name="showModal">/client/expert/reportModal.jsp</result>	    
		</action>
       	<action name="DownloadImage" class="cn.fuego.remote.medical.expert.web.action.download.DownloadImageAction">
				<result type="stream">
 				   <param name="contentType">application/octet-stream</param>
 				   <param name="contentDisposition">attachment;filename="test.pdf"</param>
 				   
 				   <param name="inputName">imageStream</param>
			   </result>
		</action>
 	</package>
 	
 
</struts>

